INSERT INTO ROLE (ROLE_NO, ROLE) VALUES (1, 'ADMIN');
INSERT INTO ROLE (ROLE_NO, ROLE) VALUES (2, 'USER');

INSERT INTO USER (USER_NO, USER_ID, PASSWORD, USER_NAME, NICKNAME) VALUES (1, 'admin', '$2a$10$FgKkqKMRPttp6AjAMlJCUe5K0PFlynb90.22TlKAV9KeG72cG1TsK', '관리자', '관리자');
INSERT INTO USER (USER_NO, USER_ID, PASSWORD, USER_NAME, NICKNAME) VALUES (2, 'user1', '$2a$10$Y5n6VrvcfeuijzgDZKW6Ve41wJnGL/F/C5QNmlKv7pPOlUjZYtahK', '홍길동', '나작성');
INSERT INTO USER (USER_NO, USER_ID, PASSWORD, USER_NAME, NICKNAME) VALUES (3, 'user2', '$2a$10$fO6F5gFhU7eQwR3vGgemseh/Lh9OTk8/./rKkmNnWdb6u56PgMk7.', '성춘향', '오작성');
INSERT INTO USER (USER_NO, USER_ID, PASSWORD, USER_NAME, NICKNAME) VALUES (4, 'user3', '$2a$10$DeNPP7NjBgy6AsP8oOcE1uLtQX8W25i4nFQObhycTITbGrlk8qqEi', '이순신', '순신');
INSERT INTO USER (USER_NO, USER_ID, PASSWORD, USER_NAME, NICKNAME) VALUES (5, 'user4', '$2a$10$EsRDVv9jCzeJY0CNG9zAz.NC7mcFQ6XNNEnuo5BQgpBQpBiMIu1Sq', '임꺽정', '김삿갓');
INSERT INTO USER (USER_NO, USER_ID, PASSWORD, USER_NAME, NICKNAME) VALUES (6, 'user5', '$2a$10$DoC.F89IBmuQ.bDEfg09DOu9VR38pwwRmfhZm5o5VgApW9e3M8dHm', '변학도', '사또');
INSERT INTO USER (USER_NO, USER_ID, PASSWORD, USER_NAME, NICKNAME) VALUES (7, 'user6', '$2a$10$yalN.LFkf35UuK.NZghq0.vFoh3BawjncHTN6/irFjwkDUt0RrrSq', '장장발', '장발장');

INSERT INTO USER_ROLE (ROLE_NO, USER_NO) VALUES (1, 1);
INSERT INTO USER_ROLE (ROLE_NO, USER_NO) VALUES (2, 1);
INSERT INTO USER_ROLE (ROLE_NO, USER_NO) VALUES (2, 2);
INSERT INTO USER_ROLE (ROLE_NO, USER_NO) VALUES (2, 3);
INSERT INTO USER_ROLE (ROLE_NO, USER_NO) VALUES (2, 4);
INSERT INTO USER_ROLE (ROLE_NO, USER_NO) VALUES (2, 5);
INSERT INTO USER_ROLE (ROLE_NO, USER_NO) VALUES (2, 6);
INSERT INTO USER_ROLE (ROLE_NO, USER_NO) VALUES (2, 7);

INSERT INTO BOARD (NAME) VALUES ('일반게시판');
INSERT INTO BOARD (NAME) VALUES ('이벤트게시판');

INSERT INTO POST (BOARD_NO, USER_ID, NICKNAME, TITLE, CONTENT, CREATE_DT, UPDATE_DT) VALUES (1, 'user1', '나작성', '제목', '내용', NOW(), NOW());
INSERT INTO POST (BOARD_NO, USER_ID, NICKNAME, TITLE, CONTENT, CREATE_DT, UPDATE_DT) VALUES (1, 'user2', '오작성', '제목2', '내용2', NOW(), NOW());
INSERT INTO POST (BOARD_NO, USER_ID, NICKNAME, TITLE, CONTENT, CREATE_DT, UPDATE_DT) VALUES (2, 'admin', '관리자', '이벤트', '<script>
    alert("a")
</script>', NOW(), NOW());
